quote,token_id
Exponential,0
Order,1
Cross-platform,2
Sound,3
Signal,4
Paradox of Diversity,5
Asian Fusion,6
Beware,7
Revolution,8
Pluralist,9
Revolution,10
Institutional,11
Currency & Protocol,12
Revolution,13
ðŸ¦„ That Darn Rock,14
Sound,15
Blockchain,16
Elliptic Brains,17
Blockchain Centrist,18
Blockchain Centrist,19
Sound,20
Nope,21
Metaverse,22
Social Capital,23
Currency & Protocol,24
E-God,25
Blockchain,26
Pluralist,27
Blockchain,28
Buterin's Law,29
Metaverse,30
Reminder,31
Beware,32
Pluralist,33
Revolution,34
2017 Dec 13,35
Blockchain,36
Social Capital,37
ðŸ¦„ Bitcoiner,38
Abnormal,39
Sound,40
Peer-to-peer,41
Sound,42
Blockchain Centrist,43
Theatrical,44
Sourceful,45
Paradox of Diversity,46
Reminder,47
Fundamentalism,48
Order,49
Blockchain,50
Reminder,51
ðŸ¦„ Bitcoiner,52
Pluralist,53
Buterin's Law,54
2017 Dec 13,55
Exponential,56
Currency & Protocol,57
Order,58
Alfalfa,59
Freedom,60
Exponential,61
ðŸ¦„ That Darn Rock,62
Paradox of Diversity,63
Reminder,64
Credibly Insane,65
Abnormal,66
ðŸ¦„ WoW,67
Alfalfa,68
Beware,69
Reminder,70
ðŸ¦„ The Hard Forkoooooor,71
Pluralist,72
Dub,73
Dub,74
E-God,75
ðŸ¦„ The Hard Forkoooooor,76
Scripter,77
ðŸ¦„ Weeeeeeee!,78
ðŸ¦„ Humanton,79
Programmable,80
ðŸ¦„ The Hard Forkoooooor,81
Reminder,82
Currency & Protocol,83
Exponential,84
E-God,85
ðŸ¦„ Bitcoiner,86
Asian Fusion,87
Paradoxical,88
Freedom,89
ðŸ¦„ The Hard Forkoooooor,90
Paradox of Diversity,91
Exponential,92
Fundamentalism,93
Legitimate,94
ðŸ¦„ That Darn Rock,95
Order,96
Sound,97
Blockchain,98
Incentives,99
Legitimate,100
Nope,101
Freedom,102
ðŸ¦„ Weeeeeeee!,103
Credibly Insane,104
Order,105
Freedom,106
Revolution,107
Legitimate,108
Freedom,109
Institutional,110
Legitimate,111
Nope,112
Blockchain Centrist,113
Legitimate,114
Revolution,115
Nope,116
Metaverse,117
Beware,118
Nope,119
Paradox of Diversity,120
Exponential,121
Blockchain Centrist,122
Legitimate,123
Freedom,124
ðŸ¦„ Ultra-Sound Money,125
Blockchain,126
Beware,127
Order,128
Theatrical,129
Sound,130
Buterin's Law,131
Order,132
ðŸ¦„ Weeeeeeee!,133
ðŸ¦„ That Darn Rock,134
Beware,135
Blockchain Centrist,136
Exponential,137
Paradoxical,138
Exponential,139
Slippery Slope Fallacy,140
Cross-platform,141
Nope,142
E-God,143
Asian Fusion,144
Elliptic Brains,145
Legitimate,146
Exponential,147
ðŸ¦„ Humanton,148
Paradox of Diversity,149
Paradoxical,150
Fundamentalism,151
Sound,152
Freedom,153
E-God,154
E-God,155
Theatrical,156
Currency & Protocol,157
Fundamentalism,158
ðŸ¦„ That Darn Rock,159
Beware,160
Institutional,161
Legitimate,162
Legitimate,163
Alfalfa,164
Elliptic Brains,165
Paradox of Diversity,166
Freedom,167
Freedom,168
Exponential,169
Asian Fusion,170
E-God,171
Paradox of Diversity,172
ðŸ¦„ Weeeeeeee!,173
Dub,174
ðŸ¦„ Ultra-Sound Money,175
2017 Dec 13,176
Sound,177
Beware,178
Fundamentalism,179
Paradoxical,180
Asian Fusion,181
Sound,182
Sound,183
Buterin's Law,184
Programmable,185
Reminder,186
Credibly Insane,187
Paradox of Diversity,188
Revolution,189
Sound,190
Order,191
Beware,192
Dub,193
Programmable,194
ðŸ¦„ Ultra-Sound Money,195
2017 Dec 13,196
Metaverse,197
Pluralist,198
Legitimate,199
Nope,200
Credibly Insane,201
E-God,202
Revolution,203
Blockchain,204
Slippery Slope Fallacy,205
Freedom,206
Alfalfa,207
Alfalfa,208
Signal,209
Institutional,210
E-God,211
Slippery Slope Fallacy,212
Signal,213
Beware,214
Freedom,215
Social Capital,216
Sourceful,217
Order,218
Elliptic Brains,219
Social Capital,220
Programmable,221
Order,222
Abnormal,223
Incentives,224
Legitimate,225
Asian Fusion,226
Revolution,227
Credibly Insane,228
Beware,229
Legitimate,230
Blockchain,231
Order,232
2017 Dec 13,233
Abnormal,234
Theatrical,235
Credibly Insane,236
Peer-to-peer,237
Reminder,238
Reminder,239
Alfalfa,240
ðŸ¦„ Jason,241
Paradox of Diversity,242
Asian Fusion,243
Scripter,244
Dub,245
Elliptic Brains,246
ðŸ¦„ Humanton,247
Nope,248
ðŸ¦„ Humanton,249
Legitimate,250
Institutional,251
Peer-to-peer,252
Currency & Protocol,253
Alfalfa,254
Elliptic Brains,255
Asian Fusion,256
Social Capital,257
Order,258
Paradox of Diversity,259
Blockchain Centrist,260
Freedom,261
Order,262
Theatrical,263
ðŸ¦„ The Hard Forkoooooor,264
Signal,265
Reminder,266
Programmable,267
Exponential,268
Metaverse,269
Alfalfa,270
Metaverse,271
Slippery Slope Fallacy,272
Legitimate,273
Asian Fusion,274
Programmable,275
Fundamentalism,276
Fundamentalism,277
Beware,278
Abnormal,279
Reminder,280
E-God,281
Buterin's Law,282
Buterin's Law,283
Alfalfa,284
2017 Dec 13,285
Dub,286
Metaverse,287
Blockchain Centrist,288
Currency & Protocol,289
Reminder,290
Pluralist,291
ðŸ¦„ That Darn Rock,292
Credibly Insane,293
ðŸ¦„ Bitcoiner,294
2017 Dec 13,295
Social Capital,296
Paradox of Diversity,297
Slippery Slope Fallacy,298
Theatrical,299
Alfalfa,300
Dub,301
Revolution,302
ðŸ¦„ Ultra-Sound Money,303
Elliptic Brains,304
Elliptic Brains,305
Alfalfa,306
Exponential,307
Legitimate,308
Reminder,309
Credibly Insane,310
Freedom,311
Sound,312
Scripter,313
Dub,314
Beware,315
Metaverse,316
Cross-platform,317
Sound,318
Legitimate,319
Sound,320
Metaverse,321
Slippery Slope Fallacy,322
ðŸ¦„ Humanton,323
Cross-platform,324
Credibly Insane,325
Slippery Slope Fallacy,326
Sound,327
2017 Dec 13,328
Exponential,329
Theatrical,330
Sound,331
Cross-platform,332
2017 Dec 13,333
Beware,334
ðŸ¦„ That Darn Rock,335
Blockchain,336
Slippery Slope Fallacy,337
ðŸ¦„ WoW,338
Order,339
Freedom,340
Reminder,341
Blockchain Centrist,342
Alfalfa,343
Exponential,344
Buterin's Law,345
Credibly Insane,346
Programmable,347
Reminder,348
Blockchain,349
Fundamentalism,350
Sourceful,351
Sound,352
Nope,353
Order,354
2017 Dec 13,355
Beware,356
Alfalfa,357
Dub,358
Fundamentalism,359
Nope,360
Theatrical,361
ðŸ¦„ WoW,362
Sound,363
Sound,364
ðŸ¦„ That Darn Rock,365
Blockchain Centrist,366
Elliptic Brains,367
E-God,368
Abnormal,369
Sound,370
2017 Dec 13,371
Sourceful,372
Pluralist,373
Blockchain,374
Freedom,375
ðŸ¦„ Weeeeeeee!,376
Scripter,377
Buterin's Law,378
Paradoxical,379
Order,380
Blockchain Centrist,381
Scripter,382
Sound,383
Fundamentalism,384
Abnormal,385
Legitimate,386
Reminder,387
Incentives,388
Paradox of Diversity,389
Buterin's Law,390
Institutional,391
Beware,392
Currency & Protocol,393
Theatrical,394
ðŸ¦„ Humanton,395
ðŸ¦„ Jason,396
Currency & Protocol,397
Legitimate,398
ðŸ¦„ That Darn Rock,399
Buterin's Law,400
Nope,401
Paradoxical,402
Cross-platform,403
Nope,404
Pluralist,405
Fundamentalism,406
Abnormal,407
Blockchain Centrist,408
Scripter,409
Social Capital,410
Blockchain,411
Blockchain,412
Alfalfa,413
Beware,414
Pluralist,415
Currency & Protocol,416
Order,417
Theatrical,418
Elliptic Brains,419
Paradox of Diversity,420
Paradox of Diversity,421
Alfalfa,422
Exponential,423
Scripter,424
Asian Fusion,425
Order,426
Institutional,427
Scripter,428
2017 Dec 13,429
Reminder,430
Programmable,431
Nope,432
Buterin's Law,433
Elliptic Brains,434
Legitimate,435
Revolution,436
Paradox of Diversity,437
2017 Dec 13,438
Pluralist,439
Alfalfa,440
2017 Dec 13,441
E-God,442
Buterin's Law,443
Alfalfa,444
ðŸ¦„ Ultra-Sound Money,445
Beware,446
Blockchain Centrist,447
E-God,448
Blockchain Centrist,449
Dub,450
Blockchain Centrist,451
Pluralist,452
Slippery Slope Fallacy,453
Beware,454
ðŸ¦„ Ultra-Sound Money,455
Exponential,456
Sound,457
Nope,458
Revolution,459
Freedom,460
Metaverse,461
Paradoxical,462
Legitimate,463
Revolution,464
Programmable,465
Cross-platform,466
Elliptic Brains,467
Metaverse,468
Institutional,469
Paradox of Diversity,470
Buterin's Law,471
Sound,472
Dub,473
Nope,474
Beware,475
Cross-platform,476
Order,477
Sourceful,478
Metaverse,479
Reminder,480
ðŸ¦„ Humanton,481
ðŸ¦„ That Darn Rock,482
Pluralist,483
Social Capital,484
E-God,485
Programmable,486
Revolution,487
Currency & Protocol,488
Abnormal,489
Slippery Slope Fallacy,490
Blockchain,491
Blockchain Centrist,492
Alfalfa,493
Metaverse,494
Exponential,495
Pluralist,496
Buterin's Law,497
ðŸ¦„ Jason,498
Revolution,499
Alfalfa,500
Buterin's Law,501
Slippery Slope Fallacy,502
Asian Fusion,503
Currency & Protocol,504
Asian Fusion,505
Asian Fusion,506
Reminder,507
Nope,508
ðŸ¦„ Bitcoiner,509
Theatrical,510
ðŸ¦„ That Darn Rock,511
Signal,512
Blockchain,513
Sound,514
Exponential,515
Sound,516
Beware,517
Sourceful,518
Beware,519
Pluralist,520
Asian Fusion,521
Paradox of Diversity,522
Legitimate,523
Buterin's Law,524
Paradox of Diversity,525
Scripter,526
Metaverse,527
Pluralist,528
2017 Dec 13,529
Order,530
ðŸ¦„ WoW,531
Currency & Protocol,532
Nope,533
Theatrical,534
Nope,535
Theatrical,536
Blockchain Centrist,537
Alfalfa,538
Paradoxical,539
Paradoxical,540
Pluralist,541
Order,542
Metaverse,543
Fundamentalism,544
Currency & Protocol,545
Legitimate,546
2017 Dec 13,547
Order,548
Social Capital,549
Incentives,550
ðŸ¦„ That Darn Rock,551
Institutional,552
Paradoxical,553
Freedom,554
ðŸ¦„ Ultra-Sound Money,555
Theatrical,556
Theatrical,557
Elliptic Brains,558
Social Capital,559
Social Capital,560
Signal,561
Sound,562
Scripter,563
Beware,564
Freedom,565
Fundamentalism,566
ðŸ¦„ Jason,567
Alfalfa,568
Exponential,569
Pluralist,570
Metaverse,571
Slippery Slope Fallacy,572
Nope,573
Signal,574
Beware,575
Paradox of Diversity,576
Programmable,577
Elliptic Brains,578
Blockchain,579
Asian Fusion,580
Revolution,581
Order,582
Legitimate,583
Scripter,584
ðŸ¦„ Bitcoiner,585
Paradox of Diversity,586
Exponential,587
Social Capital,588
Scripter,589
Alfalfa,590
Alfalfa,591
Peer-to-peer,592
Theatrical,593
Order,594
Buterin's Law,595
Signal,596
Credibly Insane,597
Freedom,598
Revolution,599
Currency & Protocol,600
Theatrical,601
Pluralist,602
Legitimate,603
Elliptic Brains,604
ðŸ¦„ The Hard Forkoooooor,605
Elliptic Brains,606
Programmable,607
Fundamentalism,608
Scripter,609
Sound,610
ðŸ¦„ Humanton,611
Fundamentalism,612
Beware,613
Sound,614
ðŸ¦„ Jason,615
Freedom,616
Elliptic Brains,617
Freedom,618
Freedom,619
Beware,620
ðŸ¦„ Weeeeeeee!,621
Programmable,622
2017 Dec 13,623
Paradoxical,624
Abnormal,625
Signal,626
Signal,627
Abnormal,628
Order,629
E-God,630
ðŸ¦„ Humanton,631
2017 Dec 13,632
Dub,633
Paradox of Diversity,634
Legitimate,635
Dub,636
Pluralist,637
Incentives,638
Reminder,639
Blockchain,640
2017 Dec 13,641
Alfalfa,642
ðŸ¦„ WoW,643
Alfalfa,644
Beware,645
Reminder,646
Freedom,647
Alfalfa,648
Pluralist,649
Sound,650
Reminder,651
Slippery Slope Fallacy,652
Nope,653
Metaverse,654
Elliptic Brains,655
Sound,656
ðŸ¦„ Ultra-Sound Money,657
Peer-to-peer,658
Cross-platform,659
Asian Fusion,660
Currency & Protocol,661
Sound,662
ðŸ¦„ Ultra-Sound Money,663
Scripter,664
Freedom,665
Revolution,666
Legitimate,667
Credibly Insane,668
Elliptic Brains,669
Institutional,670
Blockchain Centrist,671
Sound,672
ðŸ¦„ Ultra-Sound Money,673
Theatrical,674
Abnormal,675
Elliptic Brains,676
Paradox of Diversity,677
Blockchain Centrist,678
Reminder,679
Elliptic Brains,680
Sound,681
Alfalfa,682
Alfalfa,683
Peer-to-peer,684
Pluralist,685
Programmable,686
2017 Dec 13,687
Institutional,688
2017 Dec 13,689
2017 Dec 13,690
Blockchain Centrist,691
Exponential,692
Fundamentalism,693
Blockchain,694
Alfalfa,695
Pluralist,696
E-God,697
Paradoxical,698
Freedom,699
Exponential,700
Asian Fusion,701
Order,702
Revolution,703
Beware,704
Currency & Protocol,705
Slippery Slope Fallacy,706
Pluralist,707
Programmable,708
Freedom,709
Reminder,710
Peer-to-peer,711
Nope,712
Sound,713
Blockchain Centrist,714
Elliptic Brains,715
Beware,716
Nope,717
Fundamentalism,718
Currency & Protocol,719
Cross-platform,720
Nope,721
ðŸ¦„ Bitcoiner,722
Legitimate,723
Theatrical,724
Legitimate,725
Fundamentalism,726
Blockchain,727
Scripter,728
Theatrical,729
Beware,730
Asian Fusion,731
Pluralist,732
Freedom,733
Fundamentalism,734
Paradoxical,735
ðŸ¦„ Humanton,736
Abnormal,737
Institutional,738
Institutional,739
ðŸ¦„ Jason,740
Currency & Protocol,741
Blockchain,742
Freedom,743
Social Capital,744
Programmable,745
Order,746
Exponential,747
Theatrical,748
Abnormal,749
Paradox of Diversity,750
Paradox of Diversity,751
Programmable,752
Signal,753
Revolution,754
Blockchain Centrist,755
ðŸ¦„ Weeeeeeee!,756
2017 Dec 13,757
Asian Fusion,758
ðŸ¦„ WoW,759
Sourceful,760
ðŸ¦„ That Darn Rock,761
Pluralist,762
Institutional,763
Dub,764
Exponential,765
Freedom,766
E-God,767
Order,768
Order,769
Paradox of Diversity,770
Buterin's Law,771
ðŸ¦„ That Darn Rock,772
Theatrical,773
Slippery Slope Fallacy,774
Revolution,775
Fundamentalism,776
Credibly Insane,777
Reminder,778
2017 Dec 13,779
ðŸ¦„ Weeeeeeee!,780
E-God,781
Nope,782
Incentives,783
Exponential,784
Alfalfa,785
Credibly Insane,786
Asian Fusion,787
Dub,788
Paradox of Diversity,789
ðŸ¦„ WoW,790
Blockchain,791
Blockchain Centrist,792
Pluralist,793
Currency & Protocol,794
Blockchain,795
2017 Dec 13,796
ðŸ¦„ Jason,797
Freedom,798
Legitimate,799
Reminder,800
Credibly Insane,801
Legitimate,802
Currency & Protocol,803
Blockchain,804
Elliptic Brains,805
E-God,806
Slippery Slope Fallacy,807
Theatrical,808
2017 Dec 13,809
Pluralist,810
Legitimate,811
Peer-to-peer,812
Order,813
Alfalfa,814
Beware,815
Alfalfa,816
Blockchain,817
Exponential,818
Incentives,819
Signal,820
Paradox of Diversity,821
Programmable,822
Currency & Protocol,823
Sound,824
Nope,825
Asian Fusion,826
Institutional,827
Social Capital,828
Cross-platform,829
Paradox of Diversity,830
Paradoxical,831
Elliptic Brains,832
Credibly Insane,833
ðŸ¦„ Weeeeeeee!,834
Dub,835
Metaverse,836
Abnormal,837
Paradoxical,838
ðŸ¦„ Jason,839
Theatrical,840
Legitimate,841
ðŸ¦„ Jason,842
Paradox of Diversity,843
Beware,844
Freedom,845
Theatrical,846
Theatrical,847
Sound,848
E-God,849
Paradox of Diversity,850
Reminder,851
Paradox of Diversity,852
Dub,853
Exponential,854
2017 Dec 13,855
Beware,856
Paradox of Diversity,857
Paradox of Diversity,858
Exponential,859
Revolution,860
Alfalfa,861
Buterin's Law,862
Order,863
Dub,864
Blockchain,865
Currency & Protocol,866
Revolution,867
Blockchain,868
Sound,869
Blockchain Centrist,870
ðŸ¦„ Humanton,871
Reminder,872
Slippery Slope Fallacy,873
Paradox of Diversity,874
Legitimate,875
Revolution,876
Reminder,877
Paradox of Diversity,878
Elliptic Brains,879
Metaverse,880
Theatrical,881
Beware,882
Reminder,883
Blockchain Centrist,884
Programmable,885
Elliptic Brains,886
Social Capital,887
Incentives,888
2017 Dec 13,889
Alfalfa,890
Fundamentalism,891
Currency & Protocol,892
Legitimate,893
E-God,894
Elliptic Brains,895
ðŸ¦„ Ultra-Sound Money,896
Theatrical,897
Programmable,898
Currency & Protocol,899
ðŸ¦„ Jason,900
Social Capital,901
Dub,902
Social Capital,903
Dub,904
Pluralist,905
Nope,906
Nope,907
ðŸ¦„ Ultra-Sound Money,908
Reminder,909
Credibly Insane,910
Cross-platform,911
Fundamentalism,912
ðŸ¦„ That Darn Rock,913
ðŸ¦„ Ultra-Sound Money,914
Legitimate,915
Freedom,916
Revolution,917
Reminder,918
Beware,919
E-God,920
Buterin's Law,921
Theatrical,922
2017 Dec 13,923
E-God,924
Theatrical,925
Programmable,926
Beware,927
Pluralist,928
Blockchain,929
Credibly Insane,930
Incentives,931
Peer-to-peer,932
Theatrical,933
Pluralist,934
Elliptic Brains,935
Programmable,936
Signal,937
Peer-to-peer,938
Nope,939
Order,940
Signal,941
Alfalfa,942
Sound,943
Beware,944
Sound,945
Exponential,946
Nope,947
Blockchain,948
Paradox of Diversity,949
Sound,950
Credibly Insane,951
Sourceful,952
ðŸ¦„ Bitcoiner,953
ðŸ¦„ Weeeeeeee!,954
Pluralist,955
Dub,956
Revolution,957
Elliptic Brains,958
Elliptic Brains,959
Order,960
Credibly Insane,961
Order,962
Theatrical,963
ðŸ¦„ Humanton,964
Elliptic Brains,965
Elliptic Brains,966
Blockchain Centrist,967
Sourceful,968
Asian Fusion,969
Revolution,970
ðŸ¦„ Jason,971
Asian Fusion,972
Signal,973
Sound,974
Peer-to-peer,975
Social Capital,976
Scripter,977
Incentives,978
Freedom,979
Incentives,980
Reminder,981
Signal,982
Peer-to-peer,983
Asian Fusion,984
Blockchain Centrist,985
Alfalfa,986
Blockchain,987
Buterin's Law,988
Nope,989
Fundamentalism,990
Pluralist,991
Freedom,992
Asian Fusion,993
Paradox of Diversity,994
Theatrical,995
ðŸ¦„ Jason,996
Exponential,997
Theatrical,998
2017 Dec 13,999
Dub,1000
ðŸ¦„ WoW,1001
Reminder,1002
ðŸ¦„ WoW,1003
Legitimate,1004
ðŸ¦„ That Darn Rock,1005
Blockchain,1006
Elliptic Brains,1007
Order,1008
Sourceful,1009
Revolution,1010
ðŸ¦„ Ultra-Sound Money,1011
Abnormal,1012
Credibly Insane,1013
Exponential,1014
Cross-platform,1015
Alfalfa,1016
Fundamentalism,1017
Theatrical,1018
Elliptic Brains,1019
Legitimate,1020
Blockchain,1021
Credibly Insane,1022
Blockchain Centrist,1023
Slippery Slope Fallacy,1024
Reminder,1025
Cross-platform,1026
Reminder,1027
Currency & Protocol,1028
Sound,1029
Theatrical,1030
Signal,1031
Blockchain Centrist,1032
Pluralist,1033
E-God,1034
Programmable,1035
Asian Fusion,1036
Alfalfa,1037
Nope,1038
ðŸ¦„ Weeeeeeee!,1039
Abnormal,1040
Blockchain Centrist,1041
Legitimate,1042
Sourceful,1043
Buterin's Law,1044
Paradoxical,1045
Metaverse,1046
ðŸ¦„ WoW,1047
Incentives,1048
Paradox of Diversity,1049
Revolution,1050
Theatrical,1051
Metaverse,1052
ðŸ¦„ The Hard Forkoooooor,1053
Programmable,1054
ðŸ¦„ The Hard Forkoooooor,1055
Cross-platform,1056
Sound,1057
Alfalfa,1058
Reminder,1059
2017 Dec 13,1060
Beware,1061
Buterin's Law,1062
Blockchain,1063
Pluralist,1064
Institutional,1065
Theatrical,1066
Paradox of Diversity,1067
Sound,1068
Freedom,1069
Exponential,1070
Fundamentalism,1071
Metaverse,1072
Alfalfa,1073
Nope,1074
ðŸ¦„ Jason,1075
Buterin's Law,1076
Credibly Insane,1077
Elliptic Brains,1078
E-God,1079
Sourceful,1080
ðŸ¦„ Ultra-Sound Money,1081
Signal,1082
ðŸ¦„ That Darn Rock,1083
Fundamentalism,1084
Cross-platform,1085
Programmable,1086
Sourceful,1087
Paradox of Diversity,1088
ðŸ¦„ Jason,1089
ðŸ¦„ Humanton,1090
Dub,1091
Alfalfa,1092
Blockchain,1093
Blockchain,1094
Legitimate,1095
ðŸ¦„ Jason,1096
Freedom,1097
Sourceful,1098
Order,1099
Buterin's Law,1100
2017 Dec 13,1101
Scripter,1102
Legitimate,1103
Elliptic Brains,1104
Pluralist,1105
ðŸ¦„ That Darn Rock,1106
Paradoxical,1107
Sound,1108
Revolution,1109
Programmable,1110
Programmable,1111
Metaverse,1112
Reminder,1113
Programmable,1114
Alfalfa,1115
ðŸ¦„ Ultra-Sound Money,1116
ðŸ¦„ Ultra-Sound Money,1117
Beware,1118
Pluralist,1119
Pluralist,1120
2017 Dec 13,1121
Nope,1122
Nope,1123
Asian Fusion,1124
Credibly Insane,1125
Institutional,1126
Sound,1127
Fundamentalism,1128
Peer-to-peer,1129
ðŸ¦„ The Hard Forkoooooor,1130
Reminder,1131
Nope,1132
Revolution,1133
Social Capital,1134
ðŸ¦„ Weeeeeeee!,1135
2017 Dec 13,1136
Freedom,1137
Social Capital,1138
Abnormal,1139
Peer-to-peer,1140
Pluralist,1141
Scripter,1142
Paradoxical,1143
Blockchain Centrist,1144
Blockchain,1145
Blockchain Centrist,1146
Social Capital,1147
Fundamentalism,1148
Asian Fusion,1149
Signal,1150
Legitimate,1151
Metaverse,1152
Metaverse,1153
2017 Dec 13,1154
Alfalfa,1155
Sourceful,1156
Slippery Slope Fallacy,1157
Dub,1158
Sound,1159
ðŸ¦„ Bitcoiner,1160
Scripter,1161
Asian Fusion,1162
Credibly Insane,1163
Signal,1164
Paradoxical,1165
Pluralist,1166
Institutional,1167
Social Capital,1168
Alfalfa,1169
E-God,1170
Alfalfa,1171
Scripter,1172
Exponential,1173
Exponential,1174
Elliptic Brains,1175
Theatrical,1176
Fundamentalism,1177
Asian Fusion,1178
Metaverse,1179
Beware,1180
Legitimate,1181
Order,1182
Revolution,1183
Signal,1184
Institutional,1185
Elliptic Brains,1186
Exponential,1187
Social Capital,1188
Blockchain Centrist,1189
Freedom,1190
Beware,1191
ðŸ¦„ WoW,1192
Buterin's Law,1193
Revolution,1194
Sound,1195
Exponential,1196
Credibly Insane,1197
E-God,1198
Beware,1199
Alfalfa,1200
Incentives,1201
Credibly Insane,1202
Metaverse,1203
Cross-platform,1204
E-God,1205
Alfalfa,1206
ðŸ¦„ Humanton,1207
ðŸ¦„ Jason,1208
Buterin's Law,1209
Paradoxical,1210
Asian Fusion,1211
Beware,1212
Alfalfa,1213
Pluralist,1214
2017 Dec 13,1215
2017 Dec 13,1216
2017 Dec 13,1217
ðŸ¦„ That Darn Rock,1218
Credibly Insane,1219
ðŸ¦„ WoW,1220
Order,1221
Peer-to-peer,1222
Peer-to-peer,1223
Reminder,1224
ðŸ¦„ Weeeeeeee!,1225
Order,1226
Credibly Insane,1227
ðŸ¦„ Jason,1228
ðŸ¦„ Humanton,1229
Beware,1230
ðŸ¦„ Ultra-Sound Money,1231
Slippery Slope Fallacy,1232
Programmable,1233
2017 Dec 13,1234
Currency & Protocol,1235
Revolution,1236
ðŸ¦„ Humanton,1237
E-God,1238
Credibly Insane,1239
Asian Fusion,1240
Pluralist,1241
Legitimate,1242
Signal,1243
Order,1244
Alfalfa,1245
Blockchain,1246
Metaverse,1247
E-God,1248
Paradoxical,1249
Pluralist,1250
Scripter,1251
Order,1252
Metaverse,1253
Cross-platform,1254
ðŸ¦„ WoW,1255
Signal,1256
Paradox of Diversity,1257
Alfalfa,1258
Asian Fusion,1259
ðŸ¦„ Jason,1260
Order,1261
Revolution,1262
Blockchain,1263
Nope,1264
Institutional,1265
Nope,1266
Asian Fusion,1267
Elliptic Brains,1268
Order,1269
Pluralist,1270
Reminder,1271
Dub,1272
Sound,1273
Programmable,1274
Credibly Insane,1275
Fundamentalism,1276
Fundamentalism,1277
E-God,1278
Reminder,1279
ðŸ¦„ Weeeeeeee!,1280
ðŸ¦„ The Hard Forkoooooor,1281
ðŸ¦„ WoW,1282
Credibly Insane,1283
Nope,1284
Pluralist,1285
ðŸ¦„ WoW,1286
Freedom,1287
Nope,1288
Alfalfa,1289
Metaverse,1290
Nope,1291
Institutional,1292
Slippery Slope Fallacy,1293
Signal,1294
Revolution,1295
Blockchain,1296
2017 Dec 13,1297
ðŸ¦„ Jason,1298
Fundamentalism,1299
Alfalfa,1300
Nope,1301
Nope,1302
Fundamentalism,1303
Cross-platform,1304
Blockchain,1305
Credibly Insane,1306
Sound,1307
Buterin's Law,1308
Alfalfa,1309
Credibly Insane,1310
ðŸ¦„ Humanton,1311
Credibly Insane,1312
2017 Dec 13,1313
Paradoxical,1314
ðŸ¦„ The Hard Forkoooooor,1315
Reminder,1316
Fundamentalism,1317
Blockchain,1318
Alfalfa,1319
ðŸ¦„ The Hard Forkoooooor,1320
ðŸ¦„ Humanton,1321
Reminder,1322
Theatrical,1323
Sound,1324
Metaverse,1325
ðŸ¦„ Jason,1326
Buterin's Law,1327
Elliptic Brains,1328
Reminder,1329
Pluralist,1330
Alfalfa,1331
Theatrical,1332
Blockchain,1333
Nope,1334
Elliptic Brains,1335
Buterin's Law,1336
Metaverse,1337
Blockchain Centrist,1338
Credibly Insane,1339
ðŸ¦„ The Hard Forkoooooor,1340
Order,1341
Freedom,1342
Credibly Insane,1343
Currency & Protocol,1344
Legitimate,1345
Sourceful,1346
Pluralist,1347
Sound,1348
ðŸ¦„ WoW,1349
Abnormal,1350
Fundamentalism,1351
Beware,1352
Revolution,1353
Beware,1354
Elliptic Brains,1355
2017 Dec 13,1356
Freedom,1357
Elliptic Brains,1358
Paradox of Diversity,1359
Peer-to-peer,1360
ðŸ¦„ Bitcoiner,1361
Freedom,1362
Exponential,1363
E-God,1364
Order,1365
Freedom,1366
ðŸ¦„ That Darn Rock,1367
Revolution,1368
Pluralist,1369
Metaverse,1370
Freedom,1371
Cross-platform,1372
Asian Fusion,1373
Alfalfa,1374
ðŸ¦„ Ultra-Sound Money,1375
Blockchain,1376
Theatrical,1377
Asian Fusion,1378
Slippery Slope Fallacy,1379
ðŸ¦„ Humanton,1380
Exponential,1381
Paradox of Diversity,1382
ðŸ¦„ Humanton,1383
Elliptic Brains,1384
Signal,1385
2017 Dec 13,1386
Alfalfa,1387
Freedom,1388
Revolution,1389
Abnormal,1390
Exponential,1391
Paradoxical,1392
Buterin's Law,1393
Signal,1394
ðŸ¦„ The Hard Forkoooooor,1395
Paradox of Diversity,1396
Beware,1397
Programmable,1398
ðŸ¦„ That Darn Rock,1399
Programmable,1400
Theatrical,1401
ðŸ¦„ Jason,1402
Institutional,1403
Paradox of Diversity,1404
Elliptic Brains,1405
ðŸ¦„ That Darn Rock,1406
Social Capital,1407
Social Capital,1408
ðŸ¦„ Ultra-Sound Money,1409
Currency & Protocol,1410
ðŸ¦„ Bitcoiner,1411
Elliptic Brains,1412
Order,1413
ðŸ¦„ That Darn Rock,1414
Peer-to-peer,1415
E-God,1416
Reminder,1417
Reminder,1418
Blockchain,1419
ðŸ¦„ Weeeeeeee!,1420
Freedom,1421
E-God,1422
Cross-platform,1423
ðŸ¦„ The Hard Forkoooooor,1424
Sound,1425
Freedom,1426
Abnormal,1427
Abnormal,1428
Legitimate,1429
Elliptic Brains,1430
Slippery Slope Fallacy,1431
Signal,1432
Asian Fusion,1433
Beware,1434
Dub,1435
Metaverse,1436
Fundamentalism,1437
ðŸ¦„ That Darn Rock,1438
Pluralist,1439
Fundamentalism,1440
Programmable,1441
Freedom,1442
Alfalfa,1443
2017 Dec 13,1444
Abnormal,1445
Theatrical,1446
Asian Fusion,1447
Slippery Slope Fallacy,1448
Beware,1449
Theatrical,1450
Currency & Protocol,1451
Beware,1452
Paradoxical,1453
Blockchain,1454
Order,1455
Institutional,1456
Asian Fusion,1457
E-God,1458
Pluralist,1459
Alfalfa,1460
Programmable,1461
Fundamentalism,1462
Incentives,1463
Fundamentalism,1464
Metaverse,1465
E-God,1466
ðŸ¦„ Weeeeeeee!,1467
Metaverse,1468
Blockchain,1469
Exponential,1470
Programmable,1471
Fundamentalism,1472
2017 Dec 13,1473
Buterin's Law,1474
Theatrical,1475
ðŸ¦„ Bitcoiner,1476
Freedom,1477
Metaverse,1478
Sourceful,1479
ðŸ¦„ The Hard Forkoooooor,1480
Incentives,1481
Fundamentalism,1482
Signal,1483
Freedom,1484
Dub,1485
Beware,1486
Reminder,1487
Paradox of Diversity,1488
Revolution,1489
Institutional,1490
Beware,1491
Cross-platform,1492
Asian Fusion,1493
Pluralist,1494
Dub,1495
Cross-platform,1496
Fundamentalism,1497
Paradox of Diversity,1498
Pluralist,1499
Buterin's Law,1500
ðŸ¦„ That Darn Rock,1501
ðŸ¦„ Ultra-Sound Money,1502
Pluralist,1503
Signal,1504
ðŸ¦„ WoW,1505
Signal,1506
Sound,1507
Fundamentalism,1508
Paradox of Diversity,1509
Pluralist,1510
Legitimate,1511
ðŸ¦„ Humanton,1512
Reminder,1513
Freedom,1514
ðŸ¦„ Weeeeeeee!,1515
Theatrical,1516
Social Capital,1517
Credibly Insane,1518
Blockchain Centrist,1519
Revolution,1520
Metaverse,1521
Programmable,1522
Social Capital,1523
Slippery Slope Fallacy,1524
Freedom,1525
Signal,1526
ðŸ¦„ Jason,1527
Legitimate,1528
ðŸ¦„ Humanton,1529
Blockchain Centrist,1530
Buterin's Law,1531
Credibly Insane,1532
Order,1533
Elliptic Brains,1534
Incentives,1535
Freedom,1536
Nope,1537
Paradox of Diversity,1538
Programmable,1539
Peer-to-peer,1540
Alfalfa,1541
Alfalfa,1542
E-God,1543
Pluralist,1544
ðŸ¦„ That Darn Rock,1545
Asian Fusion,1546
Abnormal,1547
Cross-platform,1548
Signal,1549
Abnormal,1550
Credibly Insane,1551
Asian Fusion,1552
Nope,1553
Peer-to-peer,1554
Pluralist,1555
Legitimate,1556
2017 Dec 13,1557
Pluralist,1558
Beware,1559
Pluralist,1560
Beware,1561
ðŸ¦„ Humanton,1562
Cross-platform,1563
Blockchain,1564
Asian Fusion,1565
Peer-to-peer,1566
Nope,1567
Reminder,1568
Metaverse,1569
ðŸ¦„ Bitcoiner,1570
Reminder,1571
2017 Dec 13,1572
Sound,1573
Fundamentalism,1574
ðŸ¦„ Bitcoiner,1575
Cross-platform,1576
Institutional,1577
ðŸ¦„ Humanton,1578
Credibly Insane,1579
ðŸ¦„ The Hard Forkoooooor,1580
Sound,1581
Elliptic Brains,1582
Scripter,1583
Paradox of Diversity,1584
Social Capital,1585
Fundamentalism,1586
ðŸ¦„ Bitcoiner,1587
Scripter,1588
ðŸ¦„ The Hard Forkoooooor,1589
Beware,1590
ðŸ¦„ WoW,1591
ðŸ¦„ Bitcoiner,1592
Incentives,1593
2017 Dec 13,1594
Alfalfa,1595
Sound,1596
Alfalfa,1597
2017 Dec 13,1598
Theatrical,1599
Slippery Slope Fallacy,1600
Sound,1601
Order,1602
Pluralist,1603
Asian Fusion,1604
Legitimate,1605
Paradox of Diversity,1606
Freedom,1607
Alfalfa,1608
Slippery Slope Fallacy,1609
Scripter,1610
ðŸ¦„ Jason,1611
Currency & Protocol,1612
Credibly Insane,1613
Legitimate,1614
Slippery Slope Fallacy,1615
Fundamentalism,1616
Paradox of Diversity,1617
Blockchain,1618
ðŸ¦„ Jason,1619
Legitimate,1620
Abnormal,1621
Paradoxical,1622
Signal,1623
ðŸ¦„ Ultra-Sound Money,1624
Elliptic Brains,1625
Scripter,1626
Elliptic Brains,1627
ðŸ¦„ That Darn Rock,1628
2017 Dec 13,1629
Blockchain,1630
ðŸ¦„ The Hard Forkoooooor,1631
Credibly Insane,1632
Beware,1633
Credibly Insane,1634
Beware,1635
Buterin's Law,1636
Slippery Slope Fallacy,1637
Programmable,1638
Slippery Slope Fallacy,1639
Social Capital,1640
Sound,1641
Credibly Insane,1642
ðŸ¦„ That Darn Rock,1643
Freedom,1644
Metaverse,1645
Paradoxical,1646
ðŸ¦„ Humanton,1647
ðŸ¦„ Jason,1648
Beware,1649
Blockchain Centrist,1650
ðŸ¦„ Bitcoiner,1651
Freedom,1652
Pluralist,1653
Sourceful,1654
Legitimate,1655
Currency & Protocol,1656
Programmable,1657
Currency & Protocol,1658
Sound,1659
ðŸ¦„ That Darn Rock,1660
Paradox of Diversity,1661
Freedom,1662
Legitimate,1663
Exponential,1664
ðŸ¦„ Ultra-Sound Money,1665
Reminder,1666
Blockchain,1667
Blockchain,1668
Scripter,1669
ðŸ¦„ Jason,1670
Legitimate,1671
Paradox of Diversity,1672
Scripter,1673
Alfalfa,1674
Elliptic Brains,1675
E-God,1676
Cross-platform,1677
Revolution,1678
ðŸ¦„ That Darn Rock,1679
Paradox of Diversity,1680
ðŸ¦„ The Hard Forkoooooor,1681
Sound,1682
Legitimate,1683
Metaverse,1684
ðŸ¦„ Bitcoiner,1685
Cross-platform,1686
Revolution,1687
Blockchain Centrist,1688
Slippery Slope Fallacy,1689
Revolution,1690
Metaverse,1691
Social Capital,1692
Sound,1693
Signal,1694
ðŸ¦„ The Hard Forkoooooor,1695
Social Capital,1696
Asian Fusion,1697
Elliptic Brains,1698
Order,1699
E-God,1700
Cross-platform,1701
Metaverse,1702
Alfalfa,1703
Programmable,1704
Dub,1705
ðŸ¦„ Weeeeeeee!,1706
Abnormal,1707
2017 Dec 13,1708
ðŸ¦„ Jason,1709
Metaverse,1710
Signal,1711
ðŸ¦„ That Darn Rock,1712
Scripter,1713
Signal,1714
Sourceful,1715
Blockchain,1716
Asian Fusion,1717
Pluralist,1718
Sound,1719
ðŸ¦„ Jason,1720
ðŸ¦„ That Darn Rock,1721
Reminder,1722
Peer-to-peer,1723
Buterin's Law,1724
Pluralist,1725
Reminder,1726
Social Capital,1727
Institutional,1728
Paradox of Diversity,1729
Legitimate,1730
Theatrical,1731
Alfalfa,1732
Elliptic Brains,1733
Metaverse,1734
Nope,1735
ðŸ¦„ Jason,1736
Legitimate,1737
Dub,1738
Legitimate,1739
Theatrical,1740
Theatrical,1741
Sourceful,1742
ðŸ¦„ WoW,1743
Incentives,1744
Dub,1745
Beware,1746
Blockchain Centrist,1747
Abnormal,1748
Signal,1749
Order,1750
Incentives,1751
Fundamentalism,1752
Alfalfa,1753
Alfalfa,1754
Reminder,1755
ðŸ¦„ WoW,1756
Abnormal,1757
Blockchain,1758
Cross-platform,1759
ðŸ¦„ Humanton,1760
Credibly Insane,1761
Signal,1762
Legitimate,1763
Buterin's Law,1764
2017 Dec 13,1765
Alfalfa,1766
Social Capital,1767
Fundamentalism,1768
Theatrical,1769
Sound,1770
Pluralist,1771
Paradoxical,1772
Social Capital,1773
ðŸ¦„ WoW,1774
Legitimate,1775
Elliptic Brains,1776
Credibly Insane,1777
Incentives,1778
Sourceful,1779
Credibly Insane,1780
Pluralist,1781
E-God,1782
Buterin's Law,1783
Theatrical,1784
Sourceful,1785
ðŸ¦„ WoW,1786
Freedom,1787
Beware,1788
E-God,1789
Beware,1790
ðŸ¦„ Bitcoiner,1791
Credibly Insane,1792
Alfalfa,1793
Order,1794
ðŸ¦„ Ultra-Sound Money,1795
Sourceful,1796
Pluralist,1797
Blockchain,1798
Paradox of Diversity,1799
Legitimate,1800
Exponential,1801
Beware,1802
ðŸ¦„ Jason,1803
Alfalfa,1804
Credibly Insane,1805
Buterin's Law,1806
Theatrical,1807
Buterin's Law,1808
ðŸ¦„ Humanton,1809
ðŸ¦„ WoW,1810
Order,1811
Paradox of Diversity,1812
Scripter,1813
Scripter,1814
Buterin's Law,1815
Theatrical,1816
Slippery Slope Fallacy,1817
Paradox of Diversity,1818
Sourceful,1819
Blockchain,1820
Paradox of Diversity,1821
Pluralist,1822
Freedom,1823
E-God,1824
Social Capital,1825
Fundamentalism,1826
Slippery Slope Fallacy,1827
Exponential,1828
Scripter,1829
Theatrical,1830
Alfalfa,1831
Nope,1832
Legitimate,1833
Pluralist,1834
Metaverse,1835
Theatrical,1836
Paradoxical,1837
Reminder,1838
Alfalfa,1839
Blockchain,1840
Beware,1841
Scripter,1842
Exponential,1843
Blockchain Centrist,1844
ðŸ¦„ That Darn Rock,1845
Peer-to-peer,1846
ðŸ¦„ That Darn Rock,1847
ðŸ¦„ Jason,1848
Abnormal,1849
Programmable,1850
Abnormal,1851
Blockchain Centrist,1852
Currency & Protocol,1853
Alfalfa,1854
Paradox of Diversity,1855
Beware,1856
Exponential,1857
Currency & Protocol,1858
Theatrical,1859
Buterin's Law,1860
Social Capital,1861
Blockchain Centrist,1862
Reminder,1863
Exponential,1864
Alfalfa,1865
Asian Fusion,1866
Paradoxical,1867
Exponential,1868
Dub,1869
Incentives,1870
Credibly Insane,1871
E-God,1872
2017 Dec 13,1873
Blockchain Centrist,1874
Dub,1875
Buterin's Law,1876
Blockchain Centrist,1877
Blockchain,1878
Blockchain,1879
Freedom,1880
Paradox of Diversity,1881
Elliptic Brains,1882
Alfalfa,1883
Exponential,1884
Programmable,1885
Scripter,1886
Credibly Insane,1887
Blockchain Centrist,1888
Buterin's Law,1889
Slippery Slope Fallacy,1890
Buterin's Law,1891
Buterin's Law,1892
ðŸ¦„ The Hard Forkoooooor,1893
Sound,1894
ðŸ¦„ Weeeeeeee!,1895
Freedom,1896
Pluralist,1897
Cross-platform,1898
Blockchain Centrist,1899
Dub,1900
Credibly Insane,1901
Slippery Slope Fallacy,1902
2017 Dec 13,1903
ðŸ¦„ Ultra-Sound Money,1904
Paradoxical,1905
Signal,1906
Nope,1907
ðŸ¦„ Ultra-Sound Money,1908
E-God,1909
Order,1910
Elliptic Brains,1911
Theatrical,1912
Blockchain Centrist,1913
Beware,1914
Fundamentalism,1915
Metaverse,1916
ðŸ¦„ That Darn Rock,1917
Theatrical,1918
Reminder,1919
ðŸ¦„ That Darn Rock,1920
Social Capital,1921
Paradox of Diversity,1922
Cross-platform,1923
ðŸ¦„ That Darn Rock,1924
Sound,1925
Abnormal,1926
Paradoxical,1927
Legitimate,1928
Theatrical,1929
ðŸ¦„ Jason,1930
Abnormal,1931
Beware,1932
Pluralist,1933
Elliptic Brains,1934
ðŸ¦„ Ultra-Sound Money,1935
Pluralist,1936
2017 Dec 13,1937
Beware,1938
Blockchain,1939
Nope,1940
Signal,1941
Freedom,1942
Reminder,1943
Order,1944
ðŸ¦„ That Darn Rock,1945
E-God,1946
Buterin's Law,1947
2017 Dec 13,1948
Order,1949
Metaverse,1950
Institutional,1951
Nope,1952
Elliptic Brains,1953
Blockchain,1954
Blockchain,1955
Sound,1956
Credibly Insane,1957
2017 Dec 13,1958
Reminder,1959
E-God,1960
Order,1961
Theatrical,1962
Slippery Slope Fallacy,1963
Reminder,1964
Order,1965
Sound,1966
Signal,1967
Programmable,1968
Abnormal,1969
Signal,1970
Metaverse,1971
2017 Dec 13,1972
Alfalfa,1973
Institutional,1974
Exponential,1975
Abnormal,1976
Elliptic Brains,1977
Pluralist,1978
Credibly Insane,1979
Paradox of Diversity,1980
Alfalfa,1981
Currency & Protocol,1982
ðŸ¦„ The Hard Forkoooooor,1983
Incentives,1984
Blockchain Centrist,1985
Programmable,1986
Metaverse,1987
Blockchain Centrist,1988
ðŸ¦„ Humanton,1989
Asian Fusion,1990
Incentives,1991
Incentives,1992
Sourceful,1993
Signal,1994
Legitimate,1995
Paradoxical,1996
Slippery Slope Fallacy,1997
Reminder,1998
Order,1999
Peer-to-peer,2000
Scripter,2001
Exponential,2002
Programmable,2003
Paradox of Diversity,2004
Legitimate,2005
Paradox of Diversity,2006
Freedom,2007
Pluralist,2008
Blockchain Centrist,2009
Legitimate,2010
Slippery Slope Fallacy,2011
Scripter,2012
Social Capital,2013
E-God,2014
